id,worker,scenario,paradigm,price importance,price min,price max,outbound departure importance,outbound departure min,outbound departure max,outbound arrival importance,outbound arrival min,outbound arrival max,outbound connections importance,outbound connections min,outbound connections max,outbound duration importance,outbound duration min,outbound duration max,returning departure importance,returning departure min,returning departure max,returning arrival importance,returning arrival min,returning arrival max,returning connections importance,returning connections min,returning connections max,returning duration importance,returning duration min,returning duration max,order1,order2,order3,order4
1,1,7,Lexical,,,,,,,,,,,,,,,,,,,,,,,,,,,,+outbound departure,+outbound arrival,+returning departure,+returning arrival
2,2,18,SortedBoolean,,,,,,,,,,,,,,,,,840,,,,,,,,,,,+outbound arrival,,,
3,3,10,SimpleMAUT,7,0,0,,,,,,,,,,,,,,,,,,,,,,,,,,,,
4,4,15,Lexical,,,,,,,,,,,,,,,,,,,,,,,,,,,,+price,+outbound departure,+returning departure,+duration
5,5,9,SimpleMAUT,6,300,300,5,1020,1020,4,1200,1200,5,0,0,4,180,180,4,480,480,5,660,660,4,0,0,4,180,180,,,,
6,6,2,SortedBoolean,,,,,,,,,,,,2,,,,,,,,,,,,2,,,,+price,,,
7,7,16,Lexical,,,,,,,,,,,,,,,,,,,,,,,,,,,,+outbound departure,+returning departure,+connections,+duration
8,8,16,SortedBoolean,,,,,,,,,,,,,,,,,,840,,,,,,,,,,,,,
9,9,20,SimpleMAUT,5,0,0,,,,,,,,,,,,,,,,,,,,,,,,,,,,
10,10,20,SortedBoolean,,,,,720,,,,1410,,,,,,,,,765,,,1425,,,,,,,,,,
11,11,9,SimpleMAUT,6,425,425,5,1050,1050,7,1500,1500,3,1,1,4,360,360,5,345,345,7,720,720,4,1,1,4,345,345,,,,
12,12,12,SortedBoolean,,,,,,,,,,,,,,,,,,,,,,,,,,,,+outbound departure,,,
13,13,9,Lexical,,,,,,,,,,,,,,,,,,,,,,,,,,,,+outbound departure,+outbound arrival,+price,+duration
14,14,15,Lexical,,,,,,,,,,,,,,,,,,,,,,,,,,,,+outbound arrival,+returning departure,,
15,15,13,SimpleMAUT,,,,5,0,0,5,360,360,5,0,0,5,0,0,5,0,0,5,360,360,5,0,0,5,0,0,,,,
16,16,15,SortedBoolean,,,,,,,,,630,,,0,,,360,,,,,870,1230,,,0,,,360,,,,
17,17,10,Lexical,,,,,,,,,,,,,,,,,,,,,,,,,,,,+outbound departure,+outbound arrival,+returning departure,+duration
18,18,16,SimpleMAUT,,,,,,,,,,,,,7,0,0,9,840,840,9,360,360,,,,,,,,,,
19,19,6,Lexical,,,,,,,,,,,,,,,,,,,,,,,,,,,,+outbound departure,,,
20,20,15,Lexical,,,,,,,,,,,,,,,,,,,,,,,,,,,,+price,+outbound arrival,+outbound arrival,+price
21,19,7,SimpleMAUT,,,,,,,,,,7,0,0,7,0,0,,,,,,,,,,,,,,,,
22,21,1,SimpleMAUT,4,0,0,6,0,0,6,360,360,1,0,0,3,0,0,6,0,0,6,360,360,1,0,0,3,0,0,,,,
23,22,17,Lexical,,,,,,,,,,,,,,,,,,,,,,,,,,,,+price,+outbound arrival,+connections,+outbound departure
24,23,15,SimpleMAUT,2,0,0,6,0,0,6,360,360,,,,,,,6,0,0,6,360,360,,,,,,,,,,
25,24,18,SortedBoolean,,,,,,,,,,,,,,,,,,,,,,,,,,,,+outbound arrival,,,
26,25,11,SimpleMAUT,,,,,,,9,660,660,,,,,,,9,1080,1080,7,1425,1425,,,,,,,,,,
27,24,9,Lexical,,,,,,,,,,,,,,,,,,,,,,,,,,,,-outbound departure,+returning arrival,,
28,26,4,SortedBoolean,,,,,,,,,,,,,,,,,,,,,,,,,,,,,,,
29,27,3,SortedBoolean,,,,,,,,,,,,,,,,,,,,,,,,,,,,,,,
30,28,17,SortedBoolean,,,,,,,,,,,,,,,,,,,,,,,,,,,,+outbound departure,,,
31,29,20,Lexical,,,,,,,,,,,,,,,,,,,,,,,,,,,,+outbound departure,+returning arrival,+outbound arrival,+returning departure
32,29,1,SortedBoolean,,,,,,,,,,,,,,,,,,,,,,,,,,,,+price,,,
33,29,3,SimpleMAUT,4,0,0,,,,,,,,,,,,,,,,,,,,,,,,,,,,
34,30,18,SortedBoolean,,,,,,,,,,,,,,,,,,,,,,,,,,,,-outbound departure,,,
35,31,14,SortedBoolean,,,,,585,810,,915,1260,,,,,300,390,,360,600,,750,1050,,,,,315,450,+duration,,,
36,31,13,Lexical,,,,,,,,,,,,,,,,,,,,,,,,,,,,+returning departure,+returning duration,+duration,+outbound departure
37,32,11,SortedBoolean,,,,,,660,,,720,,,0,,,180,,1080,,,1080,1425,,,0,,,180,-outbound arrival,,,
38,33,2,Lexical,,,,,,,,,,,,,,,,,,,,,,,,,,,,+price,+duration,,
39,34,18,Lexical,,,,,,,,,,,,,,,,,,,,,,,,,,,,+outbound arrival,-price,,
40,35,8,SimpleMAUT,,,,7,885,885,,,,,,,,,,4,825,825,,,,,,,,,,,,,
41,35,15,SortedBoolean,,,,,,,,,660,,,,,,,,840,,,,,,,,,,,+outbound departure,,,
42,36,7,SortedBoolean,,,,,,0,,,,,,,,,,,,,,,,,,,,,,,,,
43,37,9,Tradeoff,1,500,500,10,1230,1230,10,1725,1725,,,,,,,10,150,150,10,870,870,,,,,,,,,,
44,38,14,Lexical,,,,,,,,,,,,,,,,,,,,,,,,,,,,+outbound arrival,+returning arrival,+outbound departure,+price
45,38,4,SimpleMAUT,,,,5,720,720,2,1080,1080,,,,,,,2,735,735,,,,,,,,,,,,,
46,39,5,Lexical,,,,,,,,,,,,,,,,,,,,,,,,,,,,+price,,,
47,39,4,Tradeoff,1,0,0,,,,,,,,,,,,,,,,,,,,,,,,,,,,
48,40,17,Lexical,,,,,,,,,,,,,,,,,,,,,,,,,,,,+price,,,
49,40,9,Tradeoff,1,450,450,,,,,,,,,,,,,,,,,,,,,,,,,,,,
50,41,20,Tradeoff,1,0,0,,,,,,,,,,,,,,,,,,,,,,,,,,,,
51,42,14,Lexical,,,,,,,,,,,,,,,,,,,,,,,,,,,,+outbound departure,+returning departure,+outbound arrival,+returning arrival
52,43,1,Lexical,,,,,,,,,,,,,,,,,,,,,,,,,,,,+price,+connections,+duration,+outbound duration
53,44,2,Tradeoff,1,500,500,50,540,540,50,705,705,50,1,1,50,165,165,50,885,885,50,1035,1035,50,1,1,50,150,150,,,,
54,44,1,Lexical,,,,,,,,,,,,,,,,,,,,,,,,,,,,+price,+duration,+connections,+outbound arrival
55,45,17,Lexical,,,,,,,,,,,,,,,,,,,,,,,,,,,,+outbound departure,+outbound duration,+returning arrival,+returning departure
56,46,11,Lexical,,,,,,,,,,,,,,,,,,,,,,,,,,,,+duration,+outbound arrival,,
57,47,7,Tradeoff,1,350,350,50,495,495,,,,100,0,0,50,120,120,50,555,555,,,,100,0,0,50,120,120,,,,
58,47,16,Lexical,,,,,,,,,,,,,,,,,,,,,,,,,,,,+outbound departure,+connections,,
59,48,17,SimpleMAUT,4,850,850,5,330,330,3,1260,1260,5,1,1,3,450,450,4,585,585,6,1350,1350,4,1,1,5,480,480,,,,
60,48,20,Lexical,,,,,,,,,,,,,,,,,,,,,,,,,,,,+price,+returning arrival,+returning duration,+outbound departure
61,49,15,Tradeoff,1,700,700,,,,50,660,660,,,,,,,10,840,840,,,,,,,,,,,,,
62,50,11,Lexical,,,,,,,,,,,,,,,,,,,,,,,,,,,,-price,-returning departure,-duration,+connections
63,51,12,Tradeoff,1,2000,2000,1000,0,0,1000,360,360,1000,5,5,1000,360,360,1000,0,0,1000,360,360,1000,5,5,1000,390,390,,,,
64,51,11,Lexical,,,,,,,,,,,,,,,,,,,,,,,,,,,,+duration,+outbound departure,+outbound arrival,+connections
65,52,17,Tradeoff,1,0,0,,,,,,,100,0,0,,,,20,0,0,,,,20,0,0,,,,,,,
66,53,6,Tradeoff,1,0,0,,,,,,,,,,,,,,,,,,,,,,,,,,,,
67,54,15,Lexical,,,,,,,,,,,,,,,,,,,,,,,,,,,,+outbound departure,+returning departure,,
68,55,12,Tradeoff,1,0,0,,,,,,,,,,,,,,,,,,,,,,,,,,,,
69,56,14,Lexical,,,,,,,,,,,,,,,,,,,,,,,,,,,,+duration,+price,+returning departure,+returning arrival
70,56,13,SimpleMAUT,6,0,0,5,210,210,5,840,840,6,0,0,7,0,0,5,540,540,5,1245,1245,6,0,0,7,0,0,,,,
71,57,18,SimpleMAUT,,,,,,,9,360,360,,,,,,,,,,,,,,,,,,,,,,
72,58,18,SimpleMAUT,,,,,,,9,660,660,,,,,,,,,,,,,,,,,,,,,,
73,59,3,Tradeoff,1,475,475,70,210,210,40,600,600,50,1,1,100,120,120,80,150,150,40,510,510,100,1,1,80,165,165,,,,
74,58,17,Tradeoff,1,0,0,,,,,,,,,,,,,,,,,,,,,,,,,,,,
75,60,16,Tradeoff,1,0,0,,,,,,,,,,,,,,,,,,,,,,,,,,,,
76,61,1,Tradeoff,1,0,0,,,,,,,,,,,,,,,,,,,,,,,,,,,,
77,61,12,Lexical,,,,,,,,,,,,,,,,,,,,,,,,,,,,+outbound departure,,,
78,62,13,Tradeoff,1,0,0,,,,,,,,,,,,,,,,,,,,,,,,,,,,
79,63,10,SortedBoolean,,,,,,,,,,,,,,,,,,,,,,,,,,,,+duration,,,
80,62,14,Lexical,,,,,,,,,,,,,,,,,,,,,,,,,,,,+returning departure,+outbound arrival,+outbound duration,+returning duration
81,63,17,Tradeoff,1,0,0,,,,,,,10,0,0,10,0,0,,,,,,,,,,,,,,,,
82,64,6,SimpleMAUT,9,0,0,,,,,,,,,,,,,,,,,,,,,,,,,,,,
83,65,2,Lexical,,,,,,,,,,,,,,,,,,,,,,,,,,,,+outbound departure,+outbound arrival,+connections,+price
84,66,3,SimpleMAUT,9,0,0,,,,,,,,,,,,,,,,,,,,,,,,,,,,
85,65,1,Tradeoff,1,0,0,,,,,,,,,,,,,,,,,,,,,,,,,,,,
86,67,14,Tradeoff,1,200,200,50,300,300,50,405,405,,,,,,,50,600,600,50,720,720,,,,,,,,,,
87,68,2,Lexical,,,,,,,,,,,,,,,,,,,,,,,,,,,,+price,+outbound departure,,
88,69,6,Tradeoff,1,0,0,40,0,0,,,,,,,50,0,0,,,,,,,,,,,,,,,,
89,70,7,Tradeoff,1,0,0,,,,,,,,,,,,,,,,,,,,,,,,,,,,
90,70,15,SimpleMAUT,,,,,,,9,660,660,,,,,,,,,,,,,,,,,,,,,,
91,71,19,SortedBoolean,,,,,,,,,,,,,,,,,,,,,,,,,,,,,,,
92,72,8,SortedBoolean,,,,,,,,,,,,,,,,,,,,,,,,,,,,+price,,,
93,73,6,Tradeoff,1,150,150,30,480,480,,,,,,,,,,50,540,540,,,,,,,,,,,,,
94,74,8,SortedBoolean,,,,,,,,,,,,,,,,,,,,,,,,,,,,,,,
95,75,12,Tradeoff,1,2000,2000,,,,500,540,540,,,,,,,500,1020,1020,,,,,,,,,,,,,
96,75,1,SimpleMAUT,6,600,600,,,,,,,,,,,,,,,,,,,,,,,,,,,,
97,76,14,SimpleMAUT,7,0,0,3,375,375,6,1095,1095,5,1,1,4,180,180,5,375,375,4,855,855,5,1,1,5,225,225,,,,
98,77,6,Tradeoff,1,325,325,30,1020,1020,30,1170,1170,,,,140,150,150,30,360,360,30,510,510,,,,130,150,150,,,,
99,78,19,SortedBoolean,,,,,,,,,,,,,,,,,,,,,,,,,,,,+duration,,,
100,79,18,SimpleMAUT,,,,,,,9,600,600,,,,,,,,,,,,,,,,,,,,,,
101,80,6,Tradeoff,1,700,700,,,,,,,,,,,,,,,,,,,,,,,,,,,,
102,81,14,SimpleMAUT,3,0,0,,,,,,,,,,,,,8,600,600,,,,,,,,,,,,,
103,82,2,SimpleMAUT,4,350,350,5,600,600,2,810,810,5,0,0,9,195,195,6,870,870,7,1065,1065,5,0,0,4,210,210,,,,
104,83,5,Tradeoff,1,0,0,,,,,,,,,,,,,,,,,,,,,,,,,,,,
105,83,19,SortedBoolean,,,,,,,,,,,,,,,,,,,,,,,,,,,,,,,
106,84,7,Tradeoff,1,0,0,,,,,,,,,,,,,,,,,,,,,,,,,,,,
107,82,3,Tradeoff,1,400,400,,,,,,,,,,,,,,,,,,,,,,,,,,,,
108,85,4,SimpleMAUT,9,0,0,9,660,660,,,,,,,,,,,,,,,,,,,,,,,,,
109,84,6,Lexical,,,,,,,,,,,,,,,,,,,,,,,,,,,,+price,+duration,+connections,+outbound departure
110,85,19,SortedBoolean,,,,,,,,,,,,,,,,,,,,,,,,,,,,+duration,,,
111,82,12,Lexical,,,,,,,,,,,,,,,,,,,,,,,,,,,,+returning departure,+returning duration,+outbound duration,
112,86,3,Tradeoff,1,0,0,,,,,,,,,,,,,,,,,,,,,,,,,,,,
113,87,4,SimpleMAUT,3,1025,1025,7,750,750,,,,7,0,0,1,0,0,1,660,660,,,,7,0,0,1,0,0,,,,
114,87,5,Tradeoff,1,1975,1975,130,0,0,140,360,360,30,0,0,,,,110,0,0,80,360,360,50,0,0,50,0,0,,,,
115,88,14,SimpleMAUT,3,425,425,5,540,540,4,885,885,,,,,,,5,900,900,4,1080,1080,,,,,,,,,,
116,88,19,SortedBoolean,,,,,945,1185,,1155,1395,,,2,,120,375,,645,960,,1080,1425,,,2,,75,390,+price,,,
117,89,5,Lexical,,,,,,,,,,,,,,,,,,,,,,,,,,,,+duration,,,
118,90,19,SortedBoolean,,,,,,,,,,,,,,,,,,,,,,,,,,,,,,,
119,91,5,Lexical,,,,,,,,,,,,,,,,,,,,,,,,,,,,+outbound departure,+outbound arrival,,
120,91,19,SortedBoolean,,,,,30,,,,,,,,,,,,,1395,,,,,,,,,,-outbound departure,,,
121,92,19,SortedBoolean,,,,,,,,,,,,,,,,,,,,,,,,,,,,,,,
122,92,14,SimpleMAUT,1,0,0,,,,,,,,,,,,,7,600,600,,,,,,,5,0,0,,,,
123,67,18,SimpleMAUT,,,,,,,9,720,720,,,,,,,,,,,,,,,,,,,,,,
124,93,18,SimpleMAUT,,,,9,0,0,9,360,360,,,,,,,,,,,,,,,,,,,,,,
125,67,9,Tradeoff,1,0,0,190,1260,1260,,,,,,,,,,,,,220,405,405,,,,,,,,,,
126,67,7,Tradeoff,1,0,0,,,,,,,,,,100,0,0,,,,100,1380,1380,,,,,,,,,,
127,67,6,SimpleMAUT,,,,,,,,,,,,,9,0,0,,,,,,,,,,9,0,0,,,,
128,67,3,SimpleMAUT,9,0,0,,,,,,,,,,,,,,,,,,,,,,,,,,,,
129,94,9,Tradeoff,1,500,500,110,660,660,140,660,660,,,,120,120,120,140,480,480,120,615,615,,,,120,120,120,,,,
130,66,6,Tradeoff,1,0,0,,,,,,,,,,,,,,,,,,,,,,,,,,,,
131,95,16,SimpleMAUT,,,,,,,,,,,,,,,,,,,8,780,780,,,,,,,,,,
132,96,9,Tradeoff,1,0,0,40,1425,1425,,,,,,,,,,40,0,0,,,,,,,,,,,,,
133,66,16,SimpleMAUT,,,,,,,7,360,360,,,,,,,9,30,30,,,,,,,,,,,,,
134,95,2,SimpleMAUT,6,0,0,,,,,,,,,,,,,,,,,,,,,,,,,,,,
135,97,7,Tradeoff,1,0,0,,,,,,,,,,,,,,,,,,,,,,,,,,,,
136,97,15,Lexical,,,,,,,,,,,,,,,,,,,,,,,,,,,,+outbound arrival,+returning departure,+price,+duration
137,98,15,Lexical,,,,,,,,,,,,,,,,,,,,,,,,,,,,+outbound departure,+outbound arrival,,
138,98,6,Tradeoff,1,0,0,,,,,,,,,,,,,,,,,,,,,,,,,,,,
139,99,18,SimpleMAUT,,,,9,0,0,9,600,600,9,0,0,1,360,360,9,375,375,3,1905,1905,9,0,0,9,225,225,,,,
140,100,9,Tradeoff,1,0,0,,,,,,,,,,,,,,,,,,,,,,,,,,,,
141,101,9,Tradeoff,1,0,0,,,,,,,,,,,,,,,,,,,,,,,,,,,,
142,102,1,SortedBoolean,,,,,,,,,,,,,,,,,,,,,,,,,,,,,,,
143,102,3,Lexical,,,,,,,,,,,,,,,,,,,,,,,,,,,,+price,,,
144,102,18,SimpleMAUT,,,,4,0,0,,,,,,,,,,,,,,,,,,,,,,,,,
145,103,1,SortedBoolean,,,,,,,,,,,,,,,,,,,,,,,,,,,,+price,,,
146,104,1,SortedBoolean,,,,,360,1080,,480,1260,,,2,,,360,,300,900,,,1260,,,2,,,360,+outbound departure,,,
147,105,15,Lexical,,,,,,,,,,,,,,,,,,,,,,,,,,,,+outbound departure,,,
148,106,9,SortedBoolean,,,,,1080,,,,720,,,0,,,,,1020,,,,420,,,0,,,,+outbound departure,,,
149,107,18,SimpleMAUT,,,,9,375,375,9,615,615,4,0,0,4,120,120,7,840,840,2,1185,1185,2,0,0,4,135,135,,,,
150,108,9,SortedBoolean,,,,,1425,,,,,,,,,,,,,0,,,,,,,,,,+outbound departure,,,
151,106,18,SimpleMAUT,,,,,,,9,600,600,4,0,0,1,0,0,,,,,,,,,,,,,,,,
152,109,3,SimpleMAUT,5,0,0,5,0,0,5,360,360,6,0,0,,,,,,,,,,,,,,,,,,,
153,110,14,Lexical,,,,,,,,,,,,,,,,,,,,,,,,,,,,+outbound departure,,,
154,111,1,Lexical,,,,,,,,,,,,,,,,,,,,,,,,,,,,+outbound departure,+returning departure,+price,+connections
155,111,12,Tradeoff,1,0,0,10,540,540,20,780,780,,,,20,240,240,20,480,480,20,720,720,,,,20,240,240,,,,
156,112,7,Tradeoff,1,0,0,,,,100,975,975,100,0,0,90,0,0,,,,,,,100,0,0,100,0,0,,,,
157,113,18,Lexical,,,,,,,,,,,,,,,,,,,,,,,,,,,,+returning arrival,+outbound departure,+duration,+connections
158,114,1,Lexical,,,,,,,,,,,,,,,,,,,,,,,,,,,,+price,,,
159,115,16,SortedBoolean,,,,,450,915,,,,,,0,,,,,555,840,,,,,,0,,,,,,,
160,116,1,Lexical,,,,,,,,,,,,,,,,,,,,,,,,,,,,+price,+duration,+outbound departure,+returning departure
161,117,16,SortedBoolean,,,,,,,,720,1260,,,,,,,,480,840,,,1320,,,,,,,,,,
162,118,12,Tradeoff,1,375,375,80,420,420,70,750,750,90,0,0,70,210,210,120,0,0,100,810,810,110,0,0,120,210,210,,,,
163,118,3,SortedBoolean,,,,,,,,,,,,,,,,,,,,,,,,,,,,,,,
164,119,14,SimpleMAUT,,,,,,,,,,,,,,,,9,0,0,,,,,,,5,0,0,,,,
165,120,6,Lexical,,,,,,,,,,,,,,,,,,,,,,,,,,,,+price,+outbound arrival,,
166,120,15,SimpleMAUT,,,,,,,9,660,660,,,,,,,9,840,840,,,,,,,,,,,,,
167,121,14,SimpleMAUT,4,450,450,3,480,480,4,1305,1305,3,1,1,4,255,255,3,285,285,3,840,840,2,1,1,4,360,360,,,,
168,121,13,Tradeoff,1,700,700,280,450,450,310,1380,1380,310,1,1,200,180,180,160,360,360,210,960,960,230,1,1,210,225,225,,,,
169,122,17,Tradeoff,1,625,625,10,900,900,10,1260,1260,70,0,0,,,,10,900,900,10,1050,1050,70,0,0,,,,,,,
170,122,18,SortedBoolean,,,,,,540,,,840,,,2,,,360,,,,,,,,,,,,,+outbound arrival,,,
171,123,12,Tradeoff,1,500,500,,,,,,,,,,,,,,,,,,,,,,,,,,,,
172,124,19,Lexical,,,,,,,,,,,,,,,,,,,,,,,,,,,,+outbound departure,,,
173,125,2,Lexical,,,,,,,,,,,,,,,,,,,,,,,,,,,,+duration,+outbound departure,+outbound arrival,
174,126,17,Tradeoff,1,850,850,600,495,495,610,885,885,270,1,1,290,285,285,560,510,510,320,900,900,410,2,2,420,330,330,,,,
175,126,19,Lexical,,,,,,,,,,,,,,,,,,,,,,,,,,,,+outbound arrival,+outbound connections,+outbound arrival,+returning departure
176,126,12,Tradeoff,1,900,900,440,720,720,360,990,990,370,2,2,430,375,375,410,690,690,330,1050,1050,390,2,2,390,345,345,,,,
177,94,13,Tradeoff,1,475,475,,,,,,,,,,,,,,,,,,,,,,,,,,,,
178,94,1,SimpleMAUT,6,675,675,,,,,,,,,,,,,,,,,,,,,,,,,,,,
179,127,18,SortedBoolean,,,,,,660,,,735,,,3,,,585,,,,,,,,,4,,,,+duration,,,
180,128,17,Lexical,,,,,,,,,,,,,,,,,,,,,,,,,,,,+price,+outbound connections,+returning connections,+connections
181,129,19,Lexical,,,,,,,,,,,,,,,,,,,,,,,,,,,,+outbound departure,,,
182,130,14,SimpleMAUT,,,,1,750,750,1,1200,1200,,,,,,,6,600,600,6,840,840,,,,,,,,,,
183,131,6,SimpleMAUT,,,,9,0,0,9,1425,1425,5,0,0,6,0,0,9,0,0,9,1425,1425,5,0,0,6,0,0,,,,
184,132,2,Lexical,,,,,,,,,,,,,,,,,,,,,,,,,,,,+price,+duration,,
185,130,19,SortedBoolean,,,,,450,750,,795,1335,,,,,,,,450,780,,,1170,,,,,,,,,,
186,133,2,SimpleMAUT,3,0,0,7,375,375,,,,,,,,,,7,900,900,,,,,,,,,,,,,
187,133,12,Lexical,,,,,,,,,,,,,,,,,,,,,,,,,,,,-outbound departure,-outbound arrival,+connections,+duration
188,134,20,Tradeoff,1,0,0,,,,,,,,,,,,,,,,,,,,,,,,,,,,
189,135,14,SimpleMAUT,,,,7,405,405,,,,5,0,0,5,0,0,5,600,600,,,,,,,,,,,,,
190,136,13,Tradeoff,1,600,600,,,,,,,,,,,,,,,,,,,,,,,,,,,,
191,137,19,Tradeoff,1,0,0,,,,,,,,,,,,,,,,,,,,,,,,,,,,
192,136,4,Lexical,,,,,,,,,,,,,,,,,,,,,,,,,,,,+outbound departure,,,
193,138,4,Tradeoff,1,0,0,,,,,,,,,,,,,,,,,,,,,,,,,,,,
194,139,12,Lexical,,,,,,,,,,,,,,,,,,,,,,,,,,,,+duration,+returning arrival,+connections,
195,139,1,SortedBoolean,,,,,,,,,,,,,,,,,,,,,,,,,,,,+price,,,
196,140,10,Lexical,,,,,,,,,,,,,,,,,,,,,,,,,,,,+outbound departure,+outbound arrival,+duration,+price
197,140,18,SimpleMAUT,,,,9,0,0,9,360,360,,,,,,,,,,,,,,,,,,,,,,
198,141,2,SimpleMAUT,9,0,0,,,,,,,,,,,,,,,,,,,,,,,,,,,,
199,142,19,Tradeoff,1,1075,1075,660,840,840,590,1380,1380,590,3,3,570,660,660,540,810,810,500,1515,1515,540,4,4,540,510,510,,,,
200,143,20,Tradeoff,1,0,0,,,,,,,,,,,,,,,,,,,,,,,,,,,,
201,144,18,Lexical,,,,,,,,,,,,,,,,,,,,,,,,,,,,+outbound arrival,,,
202,145,12,SortedBoolean,,,,,,,,,,,,,,,,,,,,,,,,,,,,,,,
203,146,14,SimpleMAUT,1,0,0,5,0,0,,,,,,,,,,,,,8,360,360,,,,,,,,,,
204,147,15,Lexical,,,,,,,,,,,,,,,,,,,,,,,,,,,,+outbound arrival,+outbound departure,+connections,+duration
205,148,18,Lexical,,,,,,,,,,,,,,,,,,,,,,,,,,,,+outbound arrival,+returning departure,+duration,
206,149,12,Lexical,,,,,,,,,,,,,,,,,,,,,,,,,,,,+outbound departure,+outbound departure,+outbound departure,+outbound departure
207,150,20,Tradeoff,1,1000,1000,120,315,315,,,,,,,,,,120,405,405,,,,,,,,,,,,,
208,151,18,Lexical,,,,,,,,,,,,,,,,,,,,,,,,,,,,+outbound arrival,+outbound departure,+returning departure,+returning arrival
209,152,15,Lexical,,,,,,,,,,,,,,,,,,,,,,,,,,,,+outbound arrival,+duration,,
210,153,20,Tradeoff,1,0,0,,,,,,,,,,,,,,,,,,,,,,,,,,,,
211,154,18,Lexical,,,,,,,,,,,,,,,,,,,,,,,,,,,,+outbound departure,,,
212,153,18,Lexical,,,,,,,,,,,,,,,,,,,,,,,,,,,,+outbound departure,,,
213,155,18,SortedBoolean,,,,,420,540,,600,840,,,,,,120,,,,,,,,,,,,,+duration,,,
214,156,1,SimpleMAUT,7,400,400,3,975,975,3,1215,1215,2,1,1,5,240,240,3,570,570,3,840,840,2,1,1,5,270,270,,,,
215,156,12,Lexical,,,,,,,,,,,,,,,,,,,,,,,,,,,,+returning departure,,,
216,157,1,SimpleMAUT,9,300,300,,,,,,,,,,2,165,165,,,,,,,,,,2,225,225,,,,
217,158,16,SortedBoolean,,,,,600,,,690,,,1,,,210,,,,855,,,1575,,1,,,90,,+outbound arrival,,,
218,159,8,SortedBoolean,,,,,750,,,,,,,,,,,,,,,,1425,,,,,,,+price,,,
219,160,8,SortedBoolean,,,,,720,,,,,,,,,,,,,,,,,,,,,,,+price,,,
220,161,4,Tradeoff,1,0,0,,,,,,,,,,,,,,,,,,,,,,,,,,,,
221,162,19,SortedBoolean,,,,,,,,,,,,,,,,,,,,,,,,,,,,+outbound departure,,,
222,163,16,SortedBoolean,,,,,,,,,,,,,,,,,,,,,,,,,,,,,,,
223,164,18,SimpleMAUT,,,,,,,9,360,360,4,0,0,,,,,,,,,,,,,,,,,,,
224,165,19,Tradeoff,1,725,725,10,0,0,,,,,,,10,0,0,,,,,,,,,,20,0,0,,,,
225,166,16,SortedBoolean,,,,,,,,,,,,,,,,,,,,,,,,,,,,,,,
226,167,1,SimpleMAUT,6,0,0,,,,,,,,,,,,,,,,,,,,,,,,,,,,
227,168,6,Tradeoff,1,175,175,,,,,,,,,,,,,,,,,,,,,,,,,,,,
228,168,7,SortedBoolean,,,,,465,,,,,,,,,,,,840,,,,,,,,,,,+duration,,,
229,168,18,SimpleMAUT,,,,,,,9,645,645,1,0,0,4,270,270,1,855,855,1,1200,1200,,,,,,,,,,
230,157,20,Tradeoff,1,225,225,70,210,210,40,600,600,10,1,1,,,,40,390,390,20,660,660,10,1,1,30,75,75,,,,
231,157,6,Tradeoff,1,175,175,50,195,195,,,,,,,,,,160,225,225,80,900,900,,,,,,,,,,
232,169,4,SimpleMAUT,,,,7,675,675,,,,,,,,,,,,,,,,,,,,,,,,,
233,170,16,SortedBoolean,,,,,,,,,,,,,,,,,,,,,,,,,,,,,,,
234,170,6,Lexical,,,,,,,,,,,,,,,,,,,,,,,,,,,,+outbound departure,+price,+duration,
235,171,19,Lexical,,,,,,,,,,,,,,,,,,,,,,,,,,,,+outbound departure,,,
236,172,1,SimpleMAUT,9,0,0,3,0,0,3,360,360,3,0,0,4,0,0,3,0,0,3,360,360,4,0,0,3,0,0,,,,
237,173,20,SortedBoolean,,,,,,,,,,,,,,,,,,,,,,,,,,,,,,,
238,174,6,Lexical,,,,,,,,,,,,,,,,,,,,,,,,,,,,+price,,,
239,174,16,SortedBoolean,,,,,,,,,1320,,,,,,,,,,,,1380,,,,,,,+outbound departure,,,
240,174,18,SimpleMAUT,,,,,,,9,660,660,,,,,,,,,,,,,,,,,,,,,,
241,175,4,SimpleMAUT,,,,6,750,750,5,1080,1080,4,0,0,4,330,330,5,900,900,5,1260,1260,3,0,0,3,345,345,,,,
242,174,20,SortedBoolean,,,,,720,,,,1380,,,,,,,,,720,,,1380,,,,,,,+price,,,
243,176,8,SimpleMAUT,9,0,0,,,,,,,,,,,,,,,,,,,,,,,,,,,,
244,177,19,Lexical,,,,,,,,,,,,,,,,,,,,,,,,,,,,+outbound departure,+returning arrival,+price,
245,178,19,Lexical,,,,,,,,,,,,,,,,,,,,,,,,,,,,+outbound departure,+returning departure,+outbound duration,+price
246,179,17,Tradeoff,1,0,0,,,,,,,,,,,,,,,,,,,,,,,,,,,,
247,180,16,SortedBoolean,,,,,,,,,,,,,,,,,,,,,,,,,,,,,,,
248,181,18,SimpleMAUT,,,,,,,9,735,735,,,,,,,9,720,720,,,,,,,,,,,,,
249,182,4,SimpleMAUT,4,1025,1025,6,780,780,,,,,,,,,,,,,,,,,,,,,,,,,
250,182,19,Lexical,,,,,,,,,,,,,,,,,,,,,,,,,,,,+price,+connections,+returning arrival,
251,183,15,SimpleMAUT,,,,4,360,360,6,480,480,,,,6,90,90,8,885,885,3,990,990,,,,,,,,,,
252,184,16,SortedBoolean,,,,,540,975,,,1200,,,,,,,,,840,,,,,,,,,,+outbound departure,,,
253,185,4,SimpleMAUT,4,0,0,8,780,780,,,,,,,,,,,,,,,,,,,,,,,,,
254,186,8,SortedBoolean,,,,,,,,,,,,,,,,,,,,,,,,,,,,+duration,,,
255,187,15,SimpleMAUT,6,0,0,,,,9,645,645,,,,,,,4,855,855,,,,,,,,,,,,,
256,188,4,SimpleMAUT,2,0,0,7,690,690,3,1020,1020,4,0,0,5,180,180,2,690,690,5,1080,1080,5,0,0,6,180,180,,,,
257,189,19,SortedBoolean,,,,,,,,,,,,,,,,,,,,,,,,,,,,,,,
258,190,6,Lexical,,,,,,,,,,,,,,,,,,,,,,,,,,,,+price,+outbound connections,+returning connections,
259,191,4,SimpleMAUT,,,,8,660,660,,,,1,1,1,5,525,525,,,,,,,,,,,,,,,,
260,192,8,SortedBoolean,,,,,750,,,1155,,,,,,330,,,525,,,1095,,,,,,315,,+outbound departure,,,
261,193,16,SortedBoolean,,,,,,,,,,,,,,,,,,,,,,,,,,,,,,,
262,194,16,SortedBoolean,,,,,900,1080,,1140,1320,,,,,240,,,540,840,,780,1080,,,,,195,315,+outbound arrival,,,
263,194,7,Tradeoff,1,225,225,30,750,750,10,930,930,20,0,0,30,180,180,30,900,900,,,,50,0,0,40,180,180,,,,
264,195,19,Tradeoff,1,0,0,,,,,,,,,,,,,,,,,,,,,,,,,,,,
265,196,16,SortedBoolean,,,,,360,,,720,,,,,,285,,,360,,,780,,,,,,,,+outbound arrival,,,
266,197,4,SortedBoolean,,,,,720,900,,900,1185,,,,,120,255,,,,,,,,,,,,,,,,
267,170,4,SortedBoolean,,,,,645,945,,,1275,,,2,,,540,,,,,,1335,,,,,,765,,,,
268,198,4,SortedBoolean,,,,,720,,,,,,2,,,,,,,,,,,,2,,,,,+outbound departure,,,
269,198,14,Lexical,,,,,,,,,,,,,,,,,,,,,,,,,,,,+outbound arrival,,,
270,199,4,Tradeoff,1,0,0,,,,,,,,,,,,,,,,,,,,,,,,,,,,
271,199,13,Lexical,,,,,,,,,,,,,,,,,,,,,,,,,,,,+returning arrival,,,
272,200,3,Lexical,,,,,,,,,,,,,,,,,,,,,,,,,,,,+outbound departure,+returning arrival,+returning departure,+returning duration
273,200,11,Tradeoff,1,1225,1225,,,,,,,,,,,,,,,,,,,,,,,,,,,,
274,201,19,SimpleMAUT,6,275,275,,,,,,,4,0,0,,,,6,1155,1155,6,1335,1335,6,0,0,,,,,,,
275,202,8,Tradeoff,1,0,0,,,,,,,,,,,,,,,,,,,,,,,,,,,,
276,203,5,SimpleMAUT,7,725,725,6,1140,1140,5,1995,1995,4,0,0,6,135,135,6,1035,1035,8,1170,1170,3,0,0,5,135,135,,,,
277,202,7,SimpleMAUT,5,0,0,5,555,555,,,,,,,,,,,,,6,1020,1020,,,,,,,,,,
278,204,3,Lexical,,,,,,,,,,,,,,,,,,,,,,,,,,,,+price,,,
279,205,20,Lexical,,,,,,,,,,,,,,,,,,,,,,,,,,,,+price,-outbound departure,-outbound arrival,+returning departure
280,206,13,SortedBoolean,,,,,30,,,480,630,,,1,,,360,,,,,870,1410,,,1,,,360,-price,,,
281,207,3,Lexical,,,,,,,,,,,,,,,,,,,,,,,,,,,,+price,,,
282,207,2,Tradeoff,1,0,0,,,,,,,,,,,,,,,,,,,,,,,,,,,,
283,206,5,SimpleMAUT,4,0,0,8,1140,1140,7,1905,1905,1,0,0,5,0,0,,,,9,1320,1320,1,0,0,6,0,0,,,,
284,208,11,SortedBoolean,,,,,,660,,,720,,,1,,,240,,1080,,,,1425,,,1,,,240,,,,
285,209,7,SimpleMAUT,,,,5,615,615,5,1050,1050,,,,,,,5,600,600,5,1065,1065,,,,,,,,,,
286,210,11,Tradeoff,1,2000,2000,,,,,,,,,,,,,,,,,,,,,,,,,,,,
287,211,13,SimpleMAUT,1,600,600,4,870,870,4,1260,1260,9,0,0,9,0,0,9,870,870,9,1260,1260,9,0,0,9,0,0,,,,
288,212,4,Lexical,,,,,,,,,,,,,,,,,,,,,,,,,,,,+outbound departure,,,
289,213,5,SortedBoolean,,,,,,,,,,,,,,,,,,,,,,,,,,,,+price,,,
290,213,4,Lexical,,,,,,,,,,,,,,,,,,,,,,,,,,,,+outbound departure,+price,+duration,+connections
291,214,11,Tradeoff,1,0,0,,,,160,660,660,,,,,,,,,,,,,,,,,,,,,,
292,215,10,Tradeoff,1,1650,1650,,,,,,,,,,,,,,,,,,,,,,,,,,,,
293,215,15,SortedBoolean,,,,,,,,,660,,,,,,,,840,,,,,,,,,,,,,,
294,216,10,Tradeoff,1,0,0,70,1275,1275,,,,,,,,,,,,,,,,,,,,,,,,,
295,217,12,SimpleMAUT,1,0,0,5,225,225,5,450,450,2,0,0,2,225,225,5,1260,1260,2,1560,1560,,,,,,,,,,
296,217,11,SortedBoolean,,,,,300,405,,540,705,,,,,,,,1095,1245,,1305,1545,,,,,,,+outbound arrival,,,
297,215,4,Lexical,,,,,,,,,,,,,,,,,,,,,,,,,,,,+outbound departure,,,
298,215,5,SimpleMAUT,,,,5,420,420,,,,,,,,,,,,,5,1020,1020,,,,,,,,,,
299,218,5,SortedBoolean,,,,,,,,,1155,,,2,,,,,660,,,,,,,2,,,,+outbound arrival,,,
300,218,4,Lexical,,,,,,,,,,,,,,,,,,,,,,,,,,,,+outbound departure,+duration,+price,
301,219,14,Tradeoff,1,1375,1375,90,0,0,,,,,,,,,,10,0,0,,,,,,,,,,,,,
302,220,20,SimpleMAUT,7,350,350,5,1095,1095,1,1290,1290,1,0,0,5,0,0,5,300,300,5,510,510,1,0,0,5,0,0,,,,
303,220,9,Lexical,,,,,,,,,,,,,,,,,,,,,,,,,,,,-outbound departure,+returning arrival,+price,+duration
304,221,13,SortedBoolean,,,,,,,,,,,,,,,,,,,,,,,,,,,,+outbound departure,,,
305,222,7,SortedBoolean,,,,,480,900,,,1200,,,1,,,480,,420,1320,,1020,1260,,,1,,,150,,,,
306,210,7,SortedBoolean,,,,,,,,,,,,,,,,,,,,,,,,,,,,+price,,,
307,223,14,Tradeoff,1,0,0,,,,,,,,,,,,,,,,,,,,,,,,,,,,
308,224,12,SortedBoolean,,,,,,,,,,,,,,,,,,1320,,,,,,,,,,+duration,,,
309,224,11,SimpleMAUT,,,,2,0,0,9,705,705,,,,,,,9,1140,1140,,,,,,,,,,,,,
310,225,3,Lexical,,,,,,,,,,,,,,,,,,,,,,,,,,,,+price,+outbound departure,+connections,
311,226,11,SimpleMAUT,,,,5,0,0,9,660,660,,,,,,,8,1110,1110,8,480,480,,,,,,,,,,
312,225,5,SortedBoolean,,,,,,,,,,,,,,,,,,,,,,,,,,,,+outbound departure,,,
313,227,10,Tradeoff,1,0,0,,,,,,,,,,,,,,,,,,,,,,,,,,,,
314,210,9,SimpleMAUT,6,0,0,,,,,,,5,0,0,,,,4,375,375,5,660,660,5,0,0,,,,,,,
315,228,10,SimpleMAUT,4,425,425,8,1140,1140,8,1380,1380,7,0,0,6,180,180,7,1020,1020,6,1200,1200,5,0,0,6,180,180,,,,
316,229,15,Tradeoff,1,0,0,,,,,,,,,,,,,,,,,,,,,,,,,,,,
317,230,15,SortedBoolean,,,,,,,,660,,,,,,,,,840,,,,,,,,,,,,,,
318,170,2,SortedBoolean,,,,,900,,,,1515,,,2,,,705,,,780,,,1365,,,2,,,615,,,,
319,231,15,Tradeoff,1,0,0,,,,,,,,,,,,,,,,,,,,,,,,,,,,
320,232,16,Tradeoff,1,0,0,,,,,,,,,,,,,,,,,,,,,,,,,,,,
321,232,7,SimpleMAUT,,,,4,495,495,4,765,765,9,0,0,6,0,0,5,510,510,5,765,765,9,0,0,6,0,0,,,,
322,233,9,SimpleMAUT,9,375,375,9,1140,1140,,,,,,,,,,9,240,240,,,,,,,,,,,,,
323,234,17,SortedBoolean,,,,,,,,,,,,0,,,,,,,,,,,,0,,,,-price,,,
324,234,10,Tradeoff,1,0,0,,,,,,,,,,,,,,,,,,,,,,,,,,,,
325,234,20,SimpleMAUT,5,0,0,5,930,930,,,,,,,,,,,,,,,,,,,,,,,,,
326,235,13,SimpleMAUT,,,,,,,,,,,,,,,,,,,5,1005,1005,,,,,,,,,,
327,236,16,Lexical,,,,,,,,,,,,,,,,,,,,,,,,,,,,+returning departure,+duration,+returning duration,+returning arrival
328,237,4,Lexical,,,,,,,,,,,,,,,,,,,,,,,,,,,,+outbound departure,+duration,+price,+connections
329,238,20,SimpleMAUT,,,,6,720,720,7,1395,1395,1,0,0,5,0,0,5,540,540,6,1380,1380,1,0,0,5,0,0,,,,
330,239,4,Lexical,,,,,,,,,,,,,,,,,,,,,,,,,,,,-outbound departure,+price,,
331,240,5,SimpleMAUT,7,650,650,2,390,390,2,540,540,,,,,,,4,585,585,1,675,675,,,,,,,,,,
332,241,5,SortedBoolean,,,,,30,,,,1230,,,2,,,,,435,855,,,1200,,,2,,,,+outbound departure,,,
333,242,17,Lexical,,,,,,,,,,,,,,,,,,,,,,,,,,,,+price,+returning departure,+returning departure,+returning departure
334,243,17,Lexical,,,,,,,,,,,,,,,,,,,,,,,,,,,,+outbound departure,+outbound arrival,+outbound duration,+price
335,242,11,Tradeoff,1,0,0,,,,,,,,,,,,,,,,,,,,,,,,,,,,
336,244,11,Lexical,,,,,,,,,,,,,,,,,,,,,,,,,,,,+outbound arrival,+returning departure,+returning arrival,+duration
337,244,3,Tradeoff,1,425,425,,,,,,,,,,,,,,,,,,,,,,,,,,,,
338,71,10,Lexical,,,,,,,,,,,,,,,,,,,,,,,,,,,,+outbound departure,,,
339,71,11,SimpleMAUT,,,,,,,9,660,660,,,,,,,7,1080,1080,,,,,,,,,,,,,
340,245,7,Lexical,,,,,,,,,,,,,,,,,,,,,,,,,,,,+outbound departure,+outbound arrival,+returning departure,+returning arrival
341,246,7,SimpleMAUT,,,,7,720,720,,,,,,,,,,5,540,540,8,1260,1260,,,,,,,,,,
342,246,16,Lexical,,,,,,,,,,,,,,,,,,,,,,,,,,,,+outbound departure,+returning departure,+duration,+outbound arrival
343,247,3,Lexical,,,,,,,,,,,,,,,,,,,,,,,,,,,,+price,+duration,+connections,
344,247,1,Tradeoff,1,625,625,,,,10,360,360,,,,,,,,,,,,,,,,,,,,,,
345,248,10,Lexical,,,,,,,,,,,,,,,,,,,,,,,,,,,,+outbound connections,-returning departure,+returning arrival,+returning connections
346,249,11,SortedBoolean,,,,,,525,,,720,,,1,,,,,1080,,,1425,1980,,,2,,,,+outbound departure,,,
347,250,16,Lexical,,,,,,,,,,,,,,,,,,,,,,,,,,,,+outbound departure,+outbound connections,+connections,+duration
348,250,15,Tradeoff,1,0,0,,,,,,,,,,,,,,,,,,,,,,,,,,,,
349,171,15,SortedBoolean,,,,,390,,,,,,,,,,,,840,,,,,,,,,,,+outbound departure,,,
350,251,17,SimpleMAUT,7,125,125,1,525,525,1,960,960,5,0,0,6,0,0,1,0,0,1,360,360,4,0,0,6,0,0,,,,
351,252,19,Tradeoff,1,0,0,,,,,,,,,,,,,,,,,,,,,,,,,,,,
352,251,19,SimpleMAUT,7,425,425,,,,,,,,,,,,,,,,,,,,,,,,,,,,
353,251,14,SortedBoolean,,,,,,,,,,,,,,,,,,,,,,,,,,,,+outbound departure,,,
354,253,15,Tradeoff,1,2000,2000,,,,,,,,,,,,,,,,,,,,,,,,,,,,
355,172,20,SimpleMAUT,9,0,0,3,720,720,,,,,,,,,,,,,,,,,,,,,,,,,
356,172,10,SortedBoolean,,,,,,,,,,,,,,,,,,,,,,,,,,,,+duration,,,
357,254,8,Lexical,,,,,,,,,,,,,,,,,,,,,,,,,,,,+outbound departure,+outbound connections,+returning departure,+returning connections
358,254,16,Tradeoff,1,900,900,,,,,,,,,,,,,,,,,,,,,,,,,,,,
359,254,15,SortedBoolean,,,,,,,,,,,,,,,,,,,,,,,,,,,,+outbound departure,,,
360,255,10,SimpleMAUT,,,,,,,,,,,,,,,,3,0,0,,,,,,,,,,,,,
361,256,6,SortedBoolean,,,,,360,660,,,,,,,,,,,540,1200,,,,,,,,,,,,,
362,256,15,Tradeoff,1,0,0,,,,,,,,,,,,,,,,,,,,,,,,,,,,
363,257,17,Tradeoff,1,525,525,,,,,,,,,,220,0,0,110,555,555,,,,,,,,,,,,,
364,258,15,SortedBoolean,,,,,210,555,,,,,,,,,,,840,990,,,,,,,,,,,,,
365,259,6,SortedBoolean,,,,,,,,,,,,,,,,,,,,,,,,,,,,+price,,,
366,260,8,Tradeoff,1,425,425,,,,,,,,,,,,,,,,,,,,,,,,,,,,
367,50,5,SimpleMAUT,4,0,0,,,,,,,4,0,0,5,0,0,,,,,,,4,0,0,5,0,0,,,,
368,259,20,SimpleMAUT,9,500,500,,,,,,,,,,9,0,0,,,,,,,,,,9,0,0,,,,
369,259,10,Tradeoff,1,475,475,50,900,900,,,,,,,,,,,,,,,,,,,,,,,,,
370,50,19,Tradeoff,1,0,0,,,,,,,,,,,,,,,,,,,,,,,,,,,,
371,259,12,SimpleMAUT,,,,9,420,420,,,,,,,,,,9,900,900,,,,,,,,,,,,,
372,259,11,Lexical,,,,,,,,,,,,,,,,,,,,,,,,,,,,+returning arrival,+outbound arrival,+outbound departure,+returning departure
373,261,17,SortedBoolean,,,,,,600,,645,1425,,,,,,,,450,1170,,,,,,,,,,,,,
374,262,10,Tradeoff,1,0,0,,,,,,,,,,,,,,,,,,,,,,,,,,,,
375,263,11,Tradeoff,1,0,0,,,,,,,,,,,,,,,,,,,,,,,,,,,,
376,262,17,SortedBoolean,,,,,510,1125,,,,,,1,,,,,585,870,,,,,,1,,,,,,,
377,264,3,Tradeoff,1,125,125,20,570,570,,,,20,0,0,20,45,45,20,645,645,,,,20,0,0,20,45,45,,,,
378,265,3,Lexical,,,,,,,,,,,,,,,,,,,,,,,,,,,,+duration,+returning arrival,+returning departure,+connections
379,266,17,Tradeoff,1,0,0,,,,,,,,,,,,,,,,,,,,,,,,,,,,
380,267,7,SimpleMAUT,1,0,0,4,480,480,7,360,360,4,0,0,6,0,0,4,915,915,7,1365,1365,4,0,0,6,0,0,,,,
381,268,11,Tradeoff,1,0,0,,,,,,,,,,,,,,,,,,,,,,,,,,,,
382,269,3,SimpleMAUT,5,0,0,,,,,,,,,,,,,,,,,,,,,,,,,,,,
383,269,12,SortedBoolean,,,,,90,,,795,,,,,,135,,,45,,,510,,,,,,135,,+outbound arrival,,,
384,270,3,Tradeoff,1,325,325,10,450,450,,,,,,,30,180,180,10,960,960,,,,,,,30,180,180,,,,
385,223,9,SimpleMAUT,,,,5,780,780,1,360,360,,,,3,0,0,3,420,420,1,360,360,,,,3,0,0,,,,
386,131,9,SortedBoolean,,,,,,,,,,,,,,,,,,,,,,,,,,,,+outbound departure,,,
387,223,10,SortedBoolean,,,,,750,,,,1320,,,2,,,390,,705,,,,1380,,,2,,,420,,,,
388,223,20,Lexical,,,,,,,,,,,,,,,,,,,,,,,,,,,,+price,+outbound departure,,
389,271,7,SimpleMAUT,3,600,600,3,450,450,3,1035,1035,4,0,0,3,0,0,3,285,285,3,1185,1185,3,3,3,3,435,435,,,,
390,223,11,SimpleMAUT,,,,,,,9,720,720,,,,,,,8,1080,1080,,,,,,,,,,,,,
391,259,5,Tradeoff,1,450,450,30,435,435,,,,,,,,,,,,,40,1095,1095,,,,,,,,,,
392,259,19,SimpleMAUT,7,650,650,,,,,,,,,,,,,,,,,,,,,,,,,,,,
393,259,13,Lexical,,,,,,,,,,,,,,,,,,,,,,,,,,,,+connections,+duration,+returning arrival,+returning departure
394,272,11,SortedBoolean,,,,,15,690,,390,720,,,,,,,,1080,,,,,,,,,,,+duration,,,
395,273,13,Lexical,,,,,,,,,,,,,,,,,,,,,,,,,,,,+outbound departure,+returning departure,+returning arrival,+outbound arrival
396,260,5,Lexical,,,,,,,,,,,,,,,,,,,,,,,,,,,,+duration,+price,+outbound departure,+outbound arrival
397,274,8,SimpleMAUT,9,0,0,,,,,,,,,,,,,,,,,,,,,,,,,,,,
398,275,14,Tradeoff,1,0,0,,,,,,,,,,,,,,,,,,,,,,,,,,,,
399,276,8,SimpleMAUT,7,0,0,9,720,720,,,,,,,,,,,,,,,,,,,,,,,,,
400,276,16,Lexical,,,,,,,,,,,,,,,,,,,,,,,,,,,,+duration,+price,,
401,260,3,Lexical,,,,,,,,,,,,,,,,,,,,,,,,,,,,+duration,+price,+connections,
402,260,1,Tradeoff,1,0,0,,,,,,,,,,,,,,,,,,,,,,,,,,,,
403,277,5,SimpleMAUT,4,1000,1000,7,420,420,5,900,900,1,1,1,5,480,480,5,480,480,8,960,960,1,1,1,8,480,480,,,,
404,277,4,Lexical,,,,,,,,,,,,,,,,,,,,,,,,,,,,+outbound departure,+returning departure,+duration,+price
405,277,19,Tradeoff,1,950,950,80,360,360,50,840,840,,,,60,480,480,80,420,420,50,900,900,,,,60,480,480,,,,
406,278,1,Lexical,,,,,,,,,,,,,,,,,,,,,,,,,,,,+price,,,
407,277,12,SimpleMAUT,5,1000,1000,,,,,,,,,,,,,7,300,300,9,840,840,5,0,0,9,480,480,,,,
408,278,11,Tradeoff,1,1300,1300,20,360,360,350,690,690,,,,,,,250,1110,1110,360,540,540,,,,150,0,0,,,,
409,277,11,Tradeoff,1,2000,2000,1000,0,0,1000,360,360,1000,0,0,1000,360,360,1000,960,960,1000,1260,1260,1000,0,0,1000,300,300,,,,
410,279,2,Tradeoff,1,275,275,,,,,,,,,,,,,,,,,,,,,,,,,,,,
411,279,11,Lexical,,,,,,,,,,,,,,,,,,,,,,,,,,,,+outbound arrival,+returning departure,,
412,277,1,Lexical,,,,,,,,,,,,,,,,,,,,,,,,,,,,+price,+connections,+duration,+returning departure
413,280,13,SortedBoolean,,,,,,,,,,,,,,,,,,,,,,,,,,,,+duration,,,
414,281,14,SortedBoolean,,,,,420,1020,,,,,,,,,,,600,780,,,,,,,,,,,,,
415,282,14,SortedBoolean,,,,,,,,,,,,,,,,,,,,,,,,,,,,+outbound departure,,,
416,283,13,SimpleMAUT,3,750,750,1,660,660,1,840,840,5,1,1,5,360,360,2,600,600,5,1140,1140,5,1,1,5,420,420,,,,
417,284,13,SimpleMAUT,,,,5,525,525,5,885,885,3,0,0,3,0,0,2,495,495,8,810,810,4,0,0,3,0,0,,,,
418,283,14,Tradeoff,1,750,750,100,720,720,100,1020,1020,150,1,1,100,420,420,100,600,600,100,900,900,150,1,1,100,420,420,,,,
419,283,5,Lexical,,,,,,,,,,,,,,,,,,,,,,,,,,,,+connections,+returning duration,+price,+returning arrival
420,285,6,SimpleMAUT,5,0,0,,,,,,,,,,,,,,,,,,,,,,,,,,,,
421,286,6,SortedBoolean,,,,,600,,,390,,,,,,,,,1020,,,,,,,,,,,+price,,,
422,287,5,Lexical,,,,,,,,,,,,,,,,,,,,,,,,,,,,+outbound departure,+outbound arrival,+outbound duration,+returning departure
423,288,2,SortedBoolean,,,,,,1065,,,795,,,,,,,,,375,,,1275,,,,,,,+price,,,
424,288,12,SimpleMAUT,,,,,,,9,555,555,,,,6,0,0,,,,,,,,,,,,,,,,
425,289,3,SortedBoolean,,,,,60,1410,,,,,,,,,,,,,,,,,,,,,,+outbound departure,,,
426,290,15,Tradeoff,1,0,0,,,,,,,,,,,,,,,,,,,,,,,,,,,,
427,290,7,SortedBoolean,,,,,255,,,630,,,,,,,,,,,,,,,,,,,,,,,
428,290,10,Tradeoff,1,0,0,,,,,,,,,,,,,,,,,,,,,,,,,,,,
429,290,9,Lexical,,,,,,,,,,,,,,,,,,,,,,,,,,,,+outbound departure,,,
430,291,5,SimpleMAUT,5,350,350,6,0,0,6,360,360,,,,,,,6,735,735,7,1095,1095,,,,,,,,,,
431,291,4,Lexical,,,,,,,,,,,,,,,,,,,,,,,,,,,,-outbound departure,-price,+returning arrival,
432,292,5,SortedBoolean,,,,,,,,,,,,,,,,,,,,,,,,,,,,+outbound departure,,,
433,293,11,SortedBoolean,,,,,525,,,720,,,,,,,,,1140,,,,1320,,,,,,,+outbound arrival,,,
434,294,3,Lexical,,,,,,,,,,,,,,,,,,,,,,,,,,,,+price,+returning departure,+outbound departure,+returning duration
435,293,12,SimpleMAUT,,,,5,270,270,4,510,510,6,0,0,6,0,0,5,1035,1035,4,360,360,2,0,0,5,0,0,,,,
436,295,17,SimpleMAUT,6,200,200,,,,,,,,,,,,,,,,3,360,360,,,,,,,,,,
437,295,2,Tradeoff,1,0,0,,,,,,,,,,250,0,0,,,,,,,,,,,,,,,,
438,296,6,SortedBoolean,,,,,645,,,960,,,2,,,330,,,525,,,900,,,1,,,420,,,,,
439,297,9,SimpleMAUT,,,,9,1170,1170,,,,,,,7,240,240,9,300,300,,,,,,,7,165,165,,,,
440,297,20,SortedBoolean,,,,,540,,,,2055,,,,,,,,,,,,,,,,,,,,,,
441,298,13,SortedBoolean,,,,,165,,,450,1860,,,,,615,,,195,,,,1785,,,,,675,,,,,
442,299,2,Lexical,,,,,,,,,,,,,,,,,,,,,,,,,,,,+connections,+price,,
443,300,20,Lexical,,,,,,,,,,,,,,,,,,,,,,,,,,,,+price,+outbound departure,+returning departure,+duration
444,301,3,SimpleMAUT,7,500,500,,,,,,,,,,,,,,,,,,,,,,,,,,,,
445,302,10,SimpleMAUT,9,350,350,4,1200,1200,,,,,,,,,,6,540,540,,,,,,,,,,,,,
446,303,18,Tradeoff,1,975,975,1000,0,0,1000,360,360,1000,0,0,950,360,360,1000,840,840,830,1200,1200,850,0,0,770,360,360,,,,
447,304,3,SimpleMAUT,7,450,450,2,0,0,4,360,360,3,2,2,1,240,240,1,0,0,3,360,360,1,0,0,1,270,270,,,,
448,304,1,Tradeoff,1,375,375,80,0,0,100,360,360,290,0,0,90,120,120,100,0,0,90,360,360,20,0,0,60,0,0,,,,
449,305,5,Tradeoff,1,0,0,20,570,570,10,885,885,30,0,0,50,390,390,10,570,570,20,1110,1110,10,0,0,40,525,525,,,,
450,305,14,Lexical,,,,,,,,,,,,,,,,,,,,,,,,,,,,+returning departure,+duration,,
451,306,9,Lexical,,,,,,,,,,,,,,,,,,,,,,,,,,,,+returning departure,+outbound departure,+outbound duration,+returning duration
452,307,11,Lexical,,,,,,,,,,,,,,,,,,,,,,,,,,,,+outbound arrival,+returning arrival,+returning duration,
453,308,14,Tradeoff,1,475,475,10,720,720,130,1080,1080,50,0,0,,,,,,,110,960,960,,,,,,,,,,
454,309,2,SortedBoolean,,,,,,,,,,,,,,,,,,,,,1110,,,,,,,+price,,,
455,309,10,SortedBoolean,,,,,,,,,,,,,,,,,,,,,,,,,,,,+price,,,
456,310,10,SortedBoolean,,,,,,,,,,,2,,,,,,,,,,,,2,,,,,+duration,,,
457,310,9,SimpleMAUT,5,450,450,,,,,,,,,,,,,,,,,,,,,,,,,,,,
458,309,9,SimpleMAUT,,,,5,825,825,,,,,,,,,,,,,5,705,705,,,,,,,,,,
459,311,12,SimpleMAUT,5,175,175,8,0,0,8,360,360,7,0,0,7,0,0,6,0,0,5,360,360,6,0,0,6,0,0,,,,
460,312,13,Lexical,,,,,,,,,,,,,,,,,,,,,,,,,,,,+returning arrival,+price,+connections,+duration
461,198,10,Tradeoff,1,850,850,,,,,,,,,,,,,,,,,,,,,,,,,,,,
462,198,17,Lexical,,,,,,,,,,,,,,,,,,,,,,,,,,,,+outbound departure,,,
463,313,12,SortedBoolean,,,,,510,,,1020,,,2,,,,465,,270,,,,1275,,,3,,,,,,,
464,314,3,SortedBoolean,,,,,540,1260,,,,,,0,,,,,540,960,,,,,,0,,,,+price,,,
465,314,12,SimpleMAUT,1,900,900,5,540,540,5,720,720,4,0,0,4,240,240,6,1140,1140,,,,,,,6,240,240,,,,
466,315,17,Lexical,,,,,,,,,,,,,,,,,,,,,,,,,,,,+outbound arrival,+price,+outbound connections,+connections
467,315,9,SortedBoolean,,,,,1020,,,,1440,,,1,,,330,,,,,,1260,,,0,,165,330,,,,
468,316,5,Lexical,,,,,,,,,,,,,,,,,,,,,,,,,,,,+outbound arrival,+returning arrival,+price,+duration
469,317,12,SortedBoolean,,,,,,,,,,,,,,,,,,,,,,,,,,,,+duration,,,
470,317,2,Tradeoff,1,0,0,,,,,,,,,,,,,,,,,,,,,,,,,,,,
471,318,10,SimpleMAUT,3,600,600,8,1110,1110,3,1290,1290,2,0,0,5,180,180,7,660,660,7,840,840,4,0,0,6,180,180,,,,
472,319,6,SimpleMAUT,4,450,450,7,600,600,8,1305,1305,5,0,0,5,240,240,6,780,780,7,1185,1185,5,0,0,5,210,210,,,,
473,319,15,Tradeoff,1,0,0,440,0,0,530,660,660,400,1,1,600,255,255,470,840,840,470,945,945,470,1,1,530,285,285,,,,
474,319,7,SortedBoolean,,,,,270,,,435,,,,2,,330,,,390,1290,,480,1260,,1,,,105,360,+duration,,,
475,320,13,Lexical,,,,,,,,,,,,,,,,,,,,,,,,,,,,+outbound departure,+returning arrival,+connections,+price
476,320,5,SimpleMAUT,,,,,,,,,,9,0,0,7,0,0,,,,5,1080,1080,9,0,0,7,0,0,,,,
477,321,7,SortedBoolean,,,,,450,,,,1290,,,2,,,405,,,,,,1380,,,2,,,435,+price,,,
478,322,12,SimpleMAUT,3,975,975,3,555,555,3,840,840,,,,,,,,,,,,,,,,,,,,,,
479,223,7,Lexical,,,,,,,,,,,,,,,,,,,,,,,,,,,,+price,+returning arrival,+duration,
480,323,16,SimpleMAUT,,,,,,,,,,,,,,,,9,720,720,,,,,,,,,,,,,
481,323,8,Lexical,,,,,,,,,,,,,,,,,,,,,,,,,,,,+price,,,
482,324,8,Lexical,,,,,,,,,,,,,,,,,,,,,,,,,,,,+outbound departure,+outbound arrival,,
483,325,17,SimpleMAUT,3,600,600,2,765,765,6,1125,1125,1,0,0,3,255,255,3,540,540,4,795,795,,,,6,255,255,,,,
484,326,4,Tradeoff,1,0,0,,,,,,,,,,,,,,,,,,,,,,,,,,,,
485,325,9,SortedBoolean,,,,,1095,,,1260,,,1,,,,,,405,,,600,,,1,,,,,+outbound departure,,,
486,327,6,SimpleMAUT,4,625,625,5,1080,1080,7,1185,1185,9,0,0,6,120,120,7,360,360,9,480,480,5,0,0,5,120,120,,,,
487,328,8,SimpleMAUT,,,,7,720,720,,,,,,,,,,,,,,,,,,,,,,,,,
488,329,13,SortedBoolean,,,,,,,,,,,,,,,,,,,,,,,,,,,,+price,,,
489,330,6,SortedBoolean,,,,,1020,,,1170,,,,,,135,,,480,,,660,,,,,,135,,,,,
490,330,7,SimpleMAUT,,,,4,525,525,4,1620,1620,9,0,0,8,360,360,5,630,630,4,1740,1740,3,0,0,7,0,0,,,,
491,331,5,SortedBoolean,,,,,,,,,,,,,,,,,,,,,,,,,,,,+outbound departure,,,
492,332,4,Lexical,,,,,,,,,,,,,,,,,,,,,,,,,,,,+outbound departure,+outbound connections,+outbound duration,+price
493,333,4,Lexical,,,,,,,,,,,,,,,,,,,,,,,,,,,,+outbound departure,+price,+duration,+returning connections
494,334,19,Tradeoff,1,0,0,,,,,,,,,,,,,,,,,,,,,,,,,,,,
495,335,8,SimpleMAUT,7,0,0,7,720,720,,,,,,,,,,,,,6,930,930,,,,,,,,,,
496,336,19,SimpleMAUT,2,0,0,5,0,0,4,360,360,,,,9,165,165,,,,,,,,,,9,135,135,,,,
497,260,10,Tradeoff,1,0,0,,,,,,,,,,,,,,,,,,,,,,,,,,,,
498,337,13,Lexical,,,,,,,,,,,,,,,,,,,,,,,,,,,,+outbound duration,,,
499,305,8,Lexical,,,,,,,,,,,,,,,,,,,,,,,,,,,,+outbound departure,+price,,
500,305,15,SortedBoolean,,,,,,,,660,,,,,,,,,855,,,,,,,,,,,+outbound arrival,,,
501,338,12,SimpleMAUT,,,,3,420,420,3,780,780,2,0,0,,,,9,1140,1140,5,1410,1410,4,0,0,3,0,0,,,,
502,338,3,Lexical,,,,,,,,,,,,,,,,,,,,,,,,,,,,+price,+outbound departure,+returning departure,+duration
503,339,8,SimpleMAUT,,,,9,840,840,3,1260,1260,9,0,0,,,,,,,,,,,,,,,,,,,
504,340,20,Lexical,,,,,,,,,,,,,,,,,,,,,,,,,,,,+outbound departure,+outbound arrival,+price,+returning departure
505,198,16,Lexical,,,,,,,,,,,,,,,,,,,,,,,,,,,,+outbound departure,+price,+outbound arrival,
506,341,13,Lexical,,,,,,,,,,,,,,,,,,,,,,,,,,,,+returning duration,+returning connections,+outbound connections,
507,342,10,SimpleMAUT,4,0,0,1,1020,1020,1,1260,1260,2,0,0,,,,1,480,480,1,855,855,3,0,0,,,,,,,
508,342,18,SortedBoolean,,,,,,,,,,,,,,,,,,,,,,,,,,,,+outbound arrival,,,
509,342,9,Lexical,,,,,,,,,,,,,,,,,,,,,,,,,,,,+outbound departure,+price,+price,
510,343,12,SortedBoolean,,,,,,1005,,,1140,,,,,,,,,,,,,,,,,,,+duration,,,
511,344,13,Lexical,,,,,,,,,,,,,,,,,,,,,,,,,,,,+returning arrival,+duration,+price,+outbound departure
512,345,13,Lexical,,,,,,,,,,,,,,,,,,,,,,,,,,,,+returning arrival,+connections,+duration,+outbound arrival
513,346,16,Lexical,,,,,,,,,,,,,,,,,,,,,,,,,,,,+connections,+duration,+outbound departure,+outbound arrival
514,345,14,SimpleMAUT,,,,,,,6,1110,1110,,,,5,420,420,4,600,600,6,945,945,,,,,,,,,,
515,347,8,Lexical,,,,,,,,,,,,,,,,,,,,,,,,,,,,+outbound departure,+outbound arrival,,
516,347,6,SortedBoolean,,,,,,,,,,,,,,,,,,,,,,,,,,,,+price,,,
517,348,7,SortedBoolean,,,,,420,,,,,,,1,,,,,,,,540,1320,,,,,,,,,,
518,349,8,SimpleMAUT,,,,7,810,810,1,360,360,,,,,,,6,0,0,,,,,,,,,,,,,
519,348,12,SimpleMAUT,,,,2,0,0,2,360,360,7,0,0,7,0,0,,,,9,1380,1380,7,0,0,7,0,0,,,,
520,348,2,SortedBoolean,,,,,480,,,,,,,2,,,,,,,,,1260,,,2,,,,+price,,,
521,303,1,Lexical,,,,,,,,,,,,,,,,,,,,,,,,,,,,+price,+outbound departure,+outbound arrival,+outbound connections
522,350,5,SortedBoolean,,,,,1080,,,,,,,,,,,,840,,,,,,,,,,,+outbound arrival,,,
523,351,5,Lexical,,,,,,,,,,,,,,,,,,,,,,,,,,,,+outbound arrival,+returning arrival,+price,
524,352,18,SortedBoolean,,,,,,,,480,,,,,,120,,,,,,,,,,,,,,+outbound departure,,,
525,353,7,SortedBoolean,,,,,240,720,,,,,,2,,,330,,720,,,,,,,2,,,330,+price,,,
526,256,9,SimpleMAUT,,,,9,1080,1080,9,360,360,,,,,,,9,120,120,9,720,720,,,,,,,,,,
527,256,17,Lexical,,,,,,,,,,,,,,,,,,,,,,,,,,,,+price,,,
528,354,3,Lexical,,,,,,,,,,,,,,,,,,,,,,,,,,,,+price,+duration,+outbound arrival,+outbound departure
529,355,7,Lexical,,,,,,,,,,,,,,,,,,,,,,,,,,,,+outbound departure,+returning arrival,,
530,356,14,SortedBoolean,,,,,285,,,975,,,1,2,,,555,,180,480,,585,1140,,1,1,,90,,+outbound arrival,,,
531,355,16,SimpleMAUT,,,,6,480,480,,,,,,,9,240,240,9,360,360,,,,,,,9,240,240,,,,
532,357,8,Lexical,,,,,,,,,,,,,,,,,,,,,,,,,,,,+duration,+price,,
533,358,8,Lexical,,,,,,,,,,,,,,,,,,,,,,,,,,,,+price,+outbound departure,,
534,359,18,Lexical,,,,,,,,,,,,,,,,,,,,,,,,,,,,+outbound arrival,+outbound departure,,
535,359,17,SimpleMAUT,5,650,650,4,360,360,,,,,,,,,,4,0,0,,,,,,,,,,,,,
536,360,3,SimpleMAUT,7,475,475,3,540,540,5,780,780,2,0,0,2,240,240,2,720,720,4,960,960,2,0,0,2,240,240,,,,
537,361,2,Lexical,,,,,,,,,,,,,,,,,,,,,,,,,,,,+price,,,
538,361,3,SortedBoolean,,,,,,,,,,,,,,,,,,,,,,,,,,,,+price,,,
539,362,8,SimpleMAUT,7,350,350,7,810,810,1,1020,1020,6,0,0,2,270,270,5,780,780,2,960,960,6,0,0,2,180,180,,,,
540,342,3,SortedBoolean,,,,,,,,,,,,,,,,,,,,,,,,,,,,+price,,,
541,342,2,Lexical,,,,,,,,,,,,,,,,,,,,,,,,,,,,+price,+returning duration,,
542,342,12,SimpleMAUT,2,500,500,,,,9,600,600,5,0,0,,,,,,,6,2025,2025,5,0,0,,,,,,,
543,305,20,SimpleMAUT,4,0,0,4,975,975,,,,,,,,,,4,315,315,,,,,,,,,,,,,
544,305,9,SortedBoolean,,,,,1050,,,,,,,,,,,,315,,,,,,,,,,,+outbound departure,,,
545,305,1,Lexical,,,,,,,,,,,,,,,,,,,,,,,,,,,,+price,,,
546,305,3,SimpleMAUT,7,0,0,,,,,,,,,,,,,,,,,,,,,,,,,,,,
547,361,13,SortedBoolean,,,,,,,,,,,,,,,,,,,,,,,,,,,,+duration,,,
548,363,2,SortedBoolean,,,,,,,,,,,,,,,,,,,,,,,,,,,,+price,,,
549,364,11,SimpleMAUT,2,100,100,9,540,540,9,675,675,1,0,0,1,0,0,9,360,360,9,495,495,1,0,0,1,0,0,,,,
550,365,10,SimpleMAUT,,,,8,1110,1110,6,360,360,5,0,0,4,0,0,8,855,855,5,360,360,3,0,0,4,0,0,,,,
551,363,11,SimpleMAUT,,,,,,,9,720,720,,,,,,,9,1080,1080,,,,,,,,,,,,,
552,366,12,SortedBoolean,,,,,390,750,,,1395,,,2,,15,525,,390,810,,555,1275,,,2,,,495,+duration,,,
553,365,9,SortedBoolean,,,,,1110,,,,570,,,1,,,,,,,,,360,,,,,,,,,,
554,367,10,Lexical,,,,,,,,,,,,,,,,,,,,,,,,,,,,-outbound departure,+returning arrival,+duration,+price
